{
  "authors POST" : {
    "transaction" : "authors POST",
    "sampleCount" : 418,
    "errorCount" : 0,
    "errorPct" : 0.0,
    "meanResTime" : 600.6698564593297,
    "medianResTime" : 385.0,
    "minResTime" : 107.0,
    "maxResTime" : 4359.0,
    "pct1ResTime" : 1232.5000000000005,
    "pct2ResTime" : 1717.199999999997,
    "pct3ResTime" : 2541.1800000000003,
    "throughput" : 3.5717032239321207,
    "receivedKBytesPerSec" : 1.1029062278370687,
    "sentKBytesPerSec" : 1.040122382103887
  },
  "activities DELETE " : {
    "transaction" : "activities DELETE ",
    "sampleCount" : 422,
    "errorCount" : 0,
    "errorPct" : 0.0,
    "meanResTime" : 370.4265402843597,
    "medianResTime" : 299.5,
    "minResTime" : 96.0,
    "maxResTime" : 1684.0,
    "pct1ResTime" : 674.4,
    "pct2ResTime" : 923.6999999999999,
    "pct3ResTime" : 1513.9199999999983,
    "throughput" : 3.5912142899692787,
    "receivedKBytesPerSec" : 0.7399865382651541,
    "sentKBytesPerSec" : 0.7543637614991192
  },
  "users DELETE" : {
    "transaction" : "users DELETE",
    "sampleCount" : 377,
    "errorCount" : 0,
    "errorPct" : 0.0,
    "meanResTime" : 343.57294429708236,
    "medianResTime" : 265.0,
    "minResTime" : 93.0,
    "maxResTime" : 2402.0,
    "pct1ResTime" : 633.4,
    "pct2ResTime" : 729.0,
    "pct3ResTime" : 1863.0,
    "throughput" : 3.4829363832892963,
    "receivedKBytesPerSec" : 0.7176753680410561,
    "sentKBytesPerSec" : 0.7146078780648916
  },
  "coverPhotos all GET" : {
    "transaction" : "coverPhotos all GET",
    "sampleCount" : 394,
    "errorCount" : 0,
    "errorPct" : 0.0,
    "meanResTime" : 452.7436548223354,
    "medianResTime" : 355.0,
    "minResTime" : 108.0,
    "maxResTime" : 2203.0,
    "pct1ResTime" : 824.5,
    "pct2ResTime" : 1028.25,
    "pct3ResTime" : 1866.1500000000017,
    "throughput" : 3.5864479600939396,
    "receivedKBytesPerSec" : 72.63607836366036,
    "sentKBytesPerSec" : 0.6724589925176137
  },
  "coverPhotosCoverPhotosForBook  GET" : {
    "transaction" : "coverPhotosCoverPhotosForBook  GET",
    "sampleCount" : 392,
    "errorCount" : 0,
    "errorPct" : 0.0,
    "meanResTime" : 439.7040816326533,
    "medianResTime" : 304.0,
    "minResTime" : 91.0,
    "maxResTime" : 2649.0,
    "pct1ResTime" : 961.6999999999998,
    "pct2ResTime" : 1329.5499999999988,
    "pct3ResTime" : 2304.56,
    "throughput" : 3.5759897828863347,
    "receivedKBytesPerSec" : 1.2515536626528005,
    "sentKBytesPerSec" : 0.6673444341817186
  },
  "authors all GET" : {
    "transaction" : "authors all GET",
    "sampleCount" : 418,
    "errorCount" : 0,
    "errorPct" : 0.0,
    "meanResTime" : 520.7775119617213,
    "medianResTime" : 421.0,
    "minResTime" : 184.0,
    "maxResTime" : 2318.0,
    "pct1ResTime" : 971.0,
    "pct2ResTime" : 1094.4999999999995,
    "pct3ResTime" : 1778.5600000000006,
    "throughput" : 3.602547638952331,
    "receivedKBytesPerSec" : 168.64362169155987,
    "sentKBytesPerSec" : 0.6614052305889045
  },
  "authors DELETE" : {
    "transaction" : "authors DELETE",
    "sampleCount" : 415,
    "errorCount" : 0,
    "errorPct" : 0.0,
    "meanResTime" : 499.38554216867465,
    "medianResTime" : 373.0,
    "minResTime" : 89.0,
    "maxResTime" : 2596.0,
    "pct1ResTime" : 1008.0,
    "pct2ResTime" : 1375.6,
    "pct3ResTime" : 2233.5999999999985,
    "throughput" : 3.5710290587111597,
    "receivedKBytesPerSec" : 0.7358272767461472,
    "sentKBytesPerSec" : 0.739659141511707
  },
  "users all GET" : {
    "transaction" : "users all GET",
    "sampleCount" : 388,
    "errorCount" : 0,
    "errorPct" : 0.0,
    "meanResTime" : 338.76030927835046,
    "medianResTime" : 260.5,
    "minResTime" : 93.0,
    "maxResTime" : 2395.0,
    "pct1ResTime" : 663.0000000000002,
    "pct2ResTime" : 827.8999999999992,
    "pct3ResTime" : 1589.3800000000008,
    "throughput" : 3.563621668289278,
    "receivedKBytesPerSec" : 2.7283978397839785,
    "sentKBytesPerSec" : 0.6472984670916071
  },
  "books PUT" : {
    "transaction" : "books PUT",
    "sampleCount" : 401,
    "errorCount" : 0,
    "errorPct" : 0.0,
    "meanResTime" : 621.8054862842883,
    "medianResTime" : 477.0,
    "minResTime" : 93.0,
    "maxResTime" : 3587.0,
    "pct1ResTime" : 1223.6000000000001,
    "pct2ResTime" : 1559.4999999999986,
    "pct3ResTime" : 2481.88,
    "throughput" : 3.4931530715355934,
    "receivedKBytesPerSec" : 1.375070029116868,
    "sentKBytesPerSec" : 1.3378776944536395
  },
  "books POST" : {
    "transaction" : "books POST",
    "sampleCount" : 398,
    "errorCount" : 0,
    "errorPct" : 0.0,
    "meanResTime" : 534.319095477387,
    "medianResTime" : 343.0,
    "minResTime" : 97.0,
    "maxResTime" : 2908.0,
    "pct1ResTime" : 1196.6000000000008,
    "pct2ResTime" : 1743.2499999999989,
    "pct3ResTime" : 2478.179999999999,
    "throughput" : 3.5793620101984835,
    "receivedKBytesPerSec" : 1.4089996531930966,
    "sentKBytesPerSec" : 1.38802682891459
  },
  "activities GET" : {
    "transaction" : "activities GET",
    "sampleCount" : 425,
    "errorCount" : 0,
    "errorPct" : 0.0,
    "meanResTime" : 329.62352941176476,
    "medianResTime" : 227.0,
    "minResTime" : 93.0,
    "maxResTime" : 2169.0,
    "pct1ResTime" : 578.4000000000001,
    "pct2ResTime" : 887.1999999999998,
    "pct3ResTime" : 1568.3200000000002,
    "throughput" : 3.594992387074945,
    "receivedKBytesPerSec" : 1.234308254736931,
    "sentKBytesPerSec" : 0.6779187505286753
  },
  "activities PUT " : {
    "transaction" : "activities PUT ",
    "sampleCount" : 422,
    "errorCount" : 0,
    "errorPct" : 0.0,
    "meanResTime" : 439.62085308056874,
    "medianResTime" : 306.5,
    "minResTime" : 97.0,
    "maxResTime" : 2394.0,
    "pct1ResTime" : 919.6999999999998,
    "pct2ResTime" : 1082.1,
    "pct3ResTime" : 1804.0699999999965,
    "throughput" : 3.6057897704940443,
    "receivedKBytesPerSec" : 1.2193889035451235,
    "sentKBytesPerSec" : 1.1387499439265512
  },
  "authors PUT" : {
    "transaction" : "authors PUT",
    "sampleCount" : 417,
    "errorCount" : 0,
    "errorPct" : 0.0,
    "meanResTime" : 611.5155875299752,
    "medianResTime" : 372.0,
    "minResTime" : 92.0,
    "maxResTime" : 4348.0,
    "pct1ResTime" : 1356.7999999999997,
    "pct2ResTime" : 2094.0,
    "pct3ResTime" : 4288.679999999998,
    "throughput" : 3.570144346843376,
    "receivedKBytesPerSec" : 1.1024181815165837,
    "sentKBytesPerSec" : 1.0225721867990274
  },
  "books GET" : {
    "transaction" : "books GET",
    "sampleCount" : 406,
    "errorCount" : 0,
    "errorPct" : 0.0,
    "meanResTime" : 659.6921182266008,
    "medianResTime" : 548.0,
    "minResTime" : 182.0,
    "maxResTime" : 2919.0,
    "pct1ResTime" : 1251.6000000000004,
    "pct2ResTime" : 1646.2499999999995,
    "pct3ResTime" : 2333.79,
    "throughput" : 3.5024456732718536,
    "receivedKBytesPerSec" : 16.54684521088001,
    "sentKBytesPerSec" : 0.6433641163226046
  },
  "books DELETE" : {
    "transaction" : "books DELETE",
    "sampleCount" : 395,
    "errorCount" : 0,
    "errorPct" : 0.0,
    "meanResTime" : 416.81012658227866,
    "medianResTime" : 310.0,
    "minResTime" : 96.0,
    "maxResTime" : 2576.0,
    "pct1ResTime" : 766.0000000000002,
    "pct2ResTime" : 1052.5999999999995,
    "pct3ResTime" : 2355.160000000001,
    "throughput" : 3.5907132338236094,
    "receivedKBytesPerSec" : 0.7398832932976384,
    "sentKBytesPerSec" : 0.7367229543161282
  },
  "coverPhotos POST" : {
    "transaction" : "coverPhotos POST",
    "sampleCount" : 388,
    "errorCount" : 0,
    "errorPct" : 0.0,
    "meanResTime" : 462.335051546392,
    "medianResTime" : 334.0,
    "minResTime" : 96.0,
    "maxResTime" : 2985.0,
    "pct1ResTime" : 1001.5000000000001,
    "pct2ResTime" : 1231.999999999999,
    "pct3ResTime" : 1817.3400000000026,
    "throughput" : 3.599391443096219,
    "receivedKBytesPerSec" : 1.0871953736687816,
    "sentKBytesPerSec" : 1.0063496674273626
  },
  "users PUT" : {
    "transaction" : "users PUT",