{
  "authors POST" : {
    "transaction" : "authors POST",
    "sampleCount" : 100,
    "errorCount" : 0,
    "errorPct" : 0.0,
    "meanResTime" : 1149.12,
    "medianResTime" : 809.0,
    "minResTime" : 139.0,
    "maxResTime" : 7347.0,
    "pct1ResTime" : 2504.5000000000005,
    "pct2ResTime" : 3038.249999999999,
    "pct3ResTime" : 7322.269999999988,
    "throughput" : 4.716313729189266,
    "receivedKBytesPerSec" : 1.4563460948922322,
    "sentKBytesPerSec" : 1.3734421426213272
  },
  "activities DELETE " : {
    "transaction" : "activities DELETE ",
    "sampleCount" : 100,
    "errorCount" : 0,
    "errorPct" : 0.0,
    "meanResTime" : 600.1500000000001,
    "medianResTime" : 322.5,
    "minResTime" : 92.0,
    "maxResTime" : 4639.0,
    "pct1ResTime" : 1259.0,
    "pct2ResTime" : 2097.1999999999985,
    "pct3ResTime" : 4638.98,
    "throughput" : 8.379420144126026,
    "receivedKBytesPerSec" : 1.7266187992290936,
    "sentKBytesPerSec" : 1.7601692119155357
  },
  "users DELETE" : {
    "transaction" : "users DELETE",
    "sampleCount" : 100,
    "errorCount" : 0,
    "errorPct" : 0.0,
    "meanResTime" : 287.0700000000002,
    "medianResTime" : 210.0,
    "minResTime" : 84.0,
    "maxResTime" : 4535.0,
    "pct1ResTime" : 570.1000000000006,
    "pct2ResTime" : 733.5999999999999,
    "pct3ResTime" : 4498.959999999981,
    "throughput" : 2.783266998803195,
    "receivedKBytesPerSec" : 0.5735052116674553,
    "sentKBytesPerSec" : 0.5710589809067883
  },
  "coverPhotos all GET" : {
    "transaction" : "coverPhotos all GET",
    "sampleCount" : 100,
    "errorCount" : 0,
    "errorPct" : 0.0,
    "meanResTime" : 853.94,
    "medianResTime" : 448.0,
    "minResTime" : 88.0,
    "maxResTime" : 3871.0,
    "pct1ResTime" : 2165.5000000000014,
    "pct2ResTime" : 3131.899999999996,
    "pct3ResTime" : 3869.8899999999994,
    "throughput" : 2.254232321183021,
    "receivedKBytesPerSec" : 45.65480870020965,
    "sentKBytesPerSec" : 0.4226685602218165
  },
  "coverPhotosCoverPhotosForBook  GET" : {
    "transaction" : "coverPhotosCoverPhotosForBook  GET",
    "sampleCount" : 100,
    "errorCount" : 0,
    "errorPct" : 0.0,
    "meanResTime" : 520.2499999999998,
    "medianResTime" : 247.5,
    "minResTime" : 85.0,
    "maxResTime" : 3545.0,
    "pct1ResTime" : 988.4000000000005,
    "pct2ResTime" : 2749.8499999999894,
    "pct3ResTime" : 3544.54,
    "throughput" : 2.311978359882551,
    "receivedKBytesPerSec" : 0.8091924259588931,
    "sentKBytesPerSec" : 0.43146393024761287
  },
  "authors all GET" : {
    "transaction" : "authors all GET",
    "sampleCount" : 100,
    "errorCount" : 0,
    "errorPct" : 0.0,
    "meanResTime" : 1225.4099999999996,
    "medianResTime" : 557.5,
    "minResTime" : 190.0,
    "maxResTime" : 6356.0,
    "pct1ResTime" : 3058.2000000000025,
    "pct2ResTime" : 4914.249999999986,
    "pct3ResTime" : 6355.21,
    "throughput" : 5.755726948313572,
    "receivedKBytesPerSec" : 257.8726990582192,
    "sentKBytesPerSec" : 1.056715494416945
  },
  "authors DELETE" : {
    "transaction" : "authors DELETE",
    "sampleCount" : 100,
    "errorCount" : 0,
    "errorPct" : 0.0,
    "meanResTime" : 1183.69,
    "medianResTime" : 906.0,
    "minResTime" : 125.0,
    "maxResTime" : 4646.0,
    "pct1ResTime" : 2602.0,
    "pct2ResTime" : 3048.8999999999965,
    "pct3ResTime" : 4645.89,
    "throughput" : 4.731488052992667,
    "receivedKBytesPerSec" : 0.9749452921693872,
    "sentKBytesPerSec" : 0.9800279453513129
  },
  "users all GET" : {
    "transaction" : "users all GET",
    "sampleCount" : 100,
    "errorCount" : 0,
    "errorPct" : 0.0,
    "meanResTime" : 467.23999999999984,
    "medianResTime" : 239.0,
    "minResTime" : 84.0,
    "maxResTime" : 3874.0,
    "pct1ResTime" : 792.1000000000005,
    "pct2ResTime" : 2393.399999999988,
    "pct3ResTime" : 3870.0199999999977,
    "throughput" : 2.3898288882516012,
    "receivedKBytesPerSec" : 1.829712742567632,
    "sentKBytesPerSec" : 0.434090012905076
  },
  "books PUT" : {
    "transaction" : "books PUT",
    "sampleCount" : 100,
    "errorCount" : 0,
    "errorPct" : 0.0,
    "meanResTime" : 767.7500000000002,
    "medianResTime" : 512.0,
    "minResTime" : 88.0,
    "maxResTime" : 2863.0,
    "pct1ResTime" : 2024.9000000000003,
    "pct2ResTime" : 2340.9999999999973,
    "pct3ResTime" : 2860.8999999999987,
    "throughput" : 2.138991679322367,
    "receivedKBytesPerSec" : 0.8420190878269984,
    "sentKBytesPerSec" : 0.8192505240529615
  },
  "books POST" : {
    "transaction" : "books POST",
    "sampleCount" : 100,
    "errorCount" : 0,
    "errorPct" : 0.0,
    "meanResTime" : 831.3899999999998,
    "medianResTime" : 528.5,
    "minResTime" : 87.0,
    "maxResTime" : 3511.0,
    "pct1ResTime" : 2071.1000000000004,
    "pct2ResTime" : 3247.7999999999947,
    "pct3ResTime" : 3509.9299999999994,
    "throughput" : 2.1848849658065506,
    "receivedKBytesPerSec" : 0.8600850876138871,
    "sentKBytesPerSec" : 0.8472830272673644
  },
  "activities GET" : {
    "transaction" : "activities GET",
    "sampleCount" : 100,
    "errorCount" : 0,
    "errorPct" : 0.0,
    "meanResTime" : 599.4300000000001,
    "medianResTime" : 346.5,
    "minResTime" : 100.0,
    "maxResTime" : 4691.0,
    "pct1ResTime" : 1141.9,
    "pct2ResTime" : 3955.449999999976,
    "pct3ResTime" : 4687.249999999998,
    "throughput" : 10.421008753647353,
    "receivedKBytesPerSec" : 3.5785581231763235,
    "sentKBytesPerSec" : 1.9651335843059607
  },
  "activities PUT " : {
    "transaction" : "activities PUT ",
    "sampleCount" : 100,
    "errorCount" : 0,
    "errorPct" : 0.0,
    "meanResTime" : 569.6800000000002,
    "medianResTime" : 243.5,
    "minResTime" : 87.0,
    "maxResTime" : 4757.0,
    "pct1ResTime" : 1246.6000000000001,
    "pct2ResTime" : 2184.8499999999985,
    "pct3ResTime" : 4740.909999999992,
    "throughput" : 9.053870529651425,
    "receivedKBytesPerSec" : 3.0618704730647353,
    "sentKBytesPerSec" : 2.859396220009054
  },
  "authors PUT" : {
    "transaction" : "authors PUT",
    "sampleCount" : 100,
    "errorCount" : 0,
    "errorPct" : 0.0,
    "meanResTime" : 976.4300000000004,
    "medianResTime" : 728.0,
    "minResTime" : 145.0,
    "maxResTime" : 5627.0,
    "pct1ResTime" : 1961.1000000000004,
    "pct2ResTime" : 2105.7499999999995,
    "pct3ResTime" : 5626.76,
    "throughput" : 4.68055230517201,
    "receivedKBytesPerSec" : 1.445303358296279,
    "sentKBytesPerSec" : 1.3406308506903815
  },
  "books GET" : {
    "transaction" : "books GET",
    "sampleCount" : 100,
    "errorCount" : 0,
    "errorPct" : 0.0,
    "meanResTime" : 1143.2900000000002,
    "medianResTime" : 780.5,
    "minResTime" : 150.0,
    "maxResTime" : 4929.0,
    "pct1ResTime" : 2924.2000000000007,
    "pct2ResTime" : 3501.4499999999994,
    "pct3ResTime" : 4924.169999999997,
    "throughput" : 2.0848970060878993,
    "receivedKBytesPerSec" : 9.823998044105997,
    "sentKBytesPerSec" : 0.38297766293470104
  },
  "books DELETE" : {
    "transaction" : "books DELETE",
    "sampleCount" : 100,
    "errorCount" : 0,
    "errorPct" : 0.0,
    "meanResTime" : 654.1300000000001,
    "medianResTime" : 433.5,
    "minResTime" : 84.0,
    "maxResTime" : 3482.0,
    "pct1ResTime" : 1655.1000000000004,
    "pct2ResTime" : 2274.4999999999977,
    "pct3ResTime" : 3474.5799999999963,
    "throughput" : 2.207261891623441,
    "receivedKBytesPerSec" : 0.454816659309127,
    "sentKBytesPerSec" : 0.45287668303719236
  },
  "coverPhotos POST" : {
    "transaction" : "coverPhotos POST",
    "sampleCount" : 100,
    "errorCount" : 0,
    "errorPct" : 0.0,
    "meanResTime" : 440.4499999999999,
    "medianResTime" : 303.0,
    "minResTime" : 86.0,
    "maxResTime" : 3379.0,
    "pct1ResTime" : 848.6000000000001,
    "pct2ResTime" : 1073.5499999999988,
    "pct3ResTime" : 3366.4999999999936,
    "throughput" : 2.313797172539855,
    "receivedKBytesPerSec" : 0.6988842436197042,
    "sentKBytesPerSec" : 0.6469141899396099
  },